Enter password: ********
Welcome to the MySQL monitor.  Commands end with ; or \g.
Your MySQL connection id is 1443
Server version: 8.0.44 MySQL Community Server - GPL

Copyright (c) 2000, 2025, Oracle and/or its affiliates.

Oracle is a registered trademark of Oracle Corporation and/or its
affiliates. Other names may be trademarks of their respective
owners.

Type 'help;' or '\h' for help. Type '\c' to clear the current input statement.

mysql>  show databases;
+--------------------+
| Database           |
+--------------------+
| bank_account       |
| details            |
| eventdb            |
| friends            |
| information_schema |
| jfs44              |
| mysql              |
| online_event_db    |
| performance_schema |
+--------------------+
9 rows in set (0.04 sec)

mysql> use ecomuserms;
Database changed
mysql> show tables;
+----------------------+
| Tables_in_ecomuserms |
+----------------------+
| credential           |
| user                 |
+----------------------+
2 rows in set (0.04 sec)

mysql> select * from user;
+---------+-------------------------+------------+-----------+------------+
| user_id | email                   | first_name | last_name | phone      |
+---------+-------------------------+------------+-----------+------------+
|       1 | varun.jayaram@gmail.com | varun      | jayaram   | 6305368316 |
+---------+-------------------------+------------+-----------+------------+
1 row in set (0.00 sec)

mysql> select * from user;
+---------+-------------------------+------------+-----------+------------+
| user_id | email                   | first_name | last_name | phone      |
+---------+-------------------------+------------+-----------+------------+
|       1 | varun.jayaram@gmail.com | varun      | jayaram   | 6305368316 |
|       2 | rahul.sharma@gmail.com  | Rahul      | Sharma    | 9876501111 |
+---------+-------------------------+------------+-----------+------------+
2 rows in set (0.00 sec)

mysql> select * from credential;
+---------------+-----------+------------+-------------+---------+
| credential_id | password  | role       | username    | user_id |
+---------------+-----------+------------+-------------+---------+
|             1 | varun@123 | ROLE_USER  | varun123    |       1 |
|             2 | rahul@123 | ROLE_USER  | rahul123    |       2 |
|             3 | admin@123 | ROLE_ADMIN | priya_admin |       3 |
+---------------+-----------+------------+-------------+---------+
3 rows in set (0.00 sec)

mysql> select * from user;
+---------+-------------------------+------------+-----------+------------+
| user_id | email                   | first_name | last_name | phone      |
+---------+-------------------------+------------+-----------+------------+
|       1 | varun.jayaram@gmail.com | varun      | jayaram   | 6305368316 |
|       2 | rahul.sharma@gmail.com  | Rahul      | Sharma    | 9876501111 |
|       3 | priya.reddy@gmail.com   | Priya      | Reddy     | 9876502222 |
|       4 | Sachin.varma@gmail.com  | Sachin     | Varma     | 9876503333 |
+---------+-------------------------+------------+-----------+------------+
4 rows in set (0.00 sec)

mysql> select * from user;
+---------+---------------------------+------------+-----------+------------+
| user_id | email                     | first_name | last_name | phone      |
+---------+---------------------------+------------+-----------+------------+
|       1 | varun.jayaram@gmail.com   | varun      | jayaram   | 6305368316 |
|       2 | rahul.sharma@gmail.com    | Rahul      | Sharma    | 9876501111 |
|       3 | priya.reddy@gmail.com     | Priya      | Reddy     | 9876502222 |
|       4 | Sachin.varma@gmail.com    | Sachin     | Varma     | 9876503333 |
|       5 | Akhil.Challa@gmail.com    | Akhil      | Challa    | 9876505555 |
|       6 | Tanvi.Bhaviskar@gmail.com | Tanvi      | Bhaviskar | 9876505555 |
+---------+---------------------------+------------+-----------+------------+
6 rows in set (0.00 sec)

mysql> select * from credential;
+---------------+------------+------------+-------------+---------+
| credential_id | password   | role       | username    | user_id |
+---------------+------------+------------+-------------+---------+
|             1 | varun@123  | ROLE_USER  | varun123    |       1 |
|             2 | rahul@123  | ROLE_USER  | rahul123    |       2 |
|             3 | admin@123  | ROLE_ADMIN | priya_admin |       3 |
|             4 | sachin@123 | ROLE_USER  | sachin      |       4 |
|             5 | Akhil@123  | ROLE_ADMIN | Akhil_admin |       5 |
|             6 | Tanvi@123  | ROLE_USER  | Tanvi123    |       6 |
+---------------+------------+------------+-------------+---------+
6 rows in set (0.00 sec)

mysql> use ecomproductms;
Database changed
mysql> show tables;
+-------------------------+
| Tables_in_ecomproductms |
+-------------------------+
| products                |
+-------------------------+
1 row in set (0.00 sec)

mysql> select * from products;
+----+----------------------------+------------------------------------------------------------------+-------------------+-----------+-------+
| id | created_at                 | description                                                      | name              | price     | stock |
+----+----------------------------+------------------------------------------------------------------+-------------------+-----------+-------+
|  1 | 2026-02-20 07:01:48.236371 | Apple flagship smartphone with large display and advanced camera | iPhone 17 Pro Max | 134999.00 |    10 |
+----+----------------------------+------------------------------------------------------------------+-------------------+-----------+-------+
1 row in set (0.00 sec)

mysql> select * from products;
+----+----------------------------+------------------------------------------------------------------+-------------------+-----------+-------+
| id | created_at                 | description                                                      | name              | price     | stock |
+----+----------------------------+------------------------------------------------------------------+-------------------+-----------+-------+
|  1 | 2026-02-20 07:01:48.236371 | Apple flagship smartphone with large display and advanced camera | iPhone 17 Pro Max | 134999.00 |    10 |
|  2 | 2026-02-20 07:04:00.407420 | HP Pavilion 15 Laptop with Intel i7 processor                    | Laptop            |  62000.00 |    12 |
+----+----------------------------+------------------------------------------------------------------+-------------------+-----------+-------+
2 rows in set (0.00 sec)

mysql> select * from products;
+----+----------------------------+------------------------------------------------------------------+-------------------+-----------+-------+
| id | created_at                 | description                                                      | name              | price     | stock |
+----+----------------------------+------------------------------------------------------------------+-------------------+-----------+-------+
|  1 | 2026-02-20 07:01:48.236371 | Apple flagship smartphone with large display and advanced camera | iPhone 17 Pro Max | 134999.00 |    10 |
|  2 | 2026-02-20 07:04:00.407420 | HP Pavilion 15 Laptop with Intel i7 processor                    | Laptop            |  62000.00 |    12 |
|  3 | 2026-02-20 07:04:47.904288 | Logitech ergonomic wireless mouse                                | Wireless Mouse    |    899.00 |    40 |
+----+----------------------------+------------------------------------------------------------------+-------------------+-----------+-------+
3 rows in set (0.00 sec)

mysql> select * from products;
+----+----------------------------+------------------------------------------------------------------+-------------------+-----------+-------+
| id | created_at                 | description                                                      | name              | price     | stock |
+----+----------------------------+------------------------------------------------------------------+-------------------+-----------+-------+
|  1 | 2026-02-20 07:01:48.236371 | Apple flagship smartphone with large display and advanced camera | iPhone 17 Pro Max | 134999.00 |    10 |
|  2 | 2026-02-20 07:04:00.407420 | HP Pavilion 15 Laptop with Intel i7 processor                    | Laptop            |  62000.00 |    12 |
|  3 | 2026-02-20 07:04:47.904288 | Logitech ergonomic wireless mouse                                | Wireless Mouse    |    899.00 |    40 |
|  4 | 2026-02-20 07:05:29.670998 | Sony noise cancelling over-ear headphones                        | Headphones        |   4500.00 |    18 |
+----+----------------------------+------------------------------------------------------------------+-------------------+-----------+-------+
4 rows in set (0.00 sec)

mysql> select * from products;
+----+----------------------------+------------------------------------------------------------------+-------------------+-----------+-------+
| id | created_at                 | description                                                      | name              | price     | stock |
+----+----------------------------+------------------------------------------------------------------+-------------------+-----------+-------+
|  1 | 2026-02-20 07:01:48.236371 | Apple flagship smartphone with large display and advanced camera | iPhone 17 Pro Max | 134999.00 |    10 |
|  2 | 2026-02-20 07:04:00.407420 | HP Pavilion 15 Laptop with Intel i7 processor                    | Laptop            |  62000.00 |    12 |
|  3 | 2026-02-20 07:04:47.904288 | Logitech ergonomic wireless mouse                                | Wireless Mouse    |    899.00 |    40 |
|  4 | 2026-02-20 07:05:29.670998 | Sony noise cancelling over-ear headphones                        | Headphones        |   4500.00 |    18 |
|  5 | 2026-02-20 07:06:41.005503 | Ergonomic adjustable gaming chair                                | Gaming Chair      |  13500.00 |     6 |
+----+----------------------------+------------------------------------------------------------------+-------------------+-----------+-------+
5 rows in set (0.00 sec)

mysql> select * from products;
+----+----------------------------+------------------------------------------------------------------+-------------------+-----------+-------+
| id | created_at                 | description                                                      | name              | price     | stock |
+----+----------------------------+------------------------------------------------------------------+-------------------+-----------+-------+
|  1 | 2026-02-20 07:01:48.236371 | Apple flagship smartphone with large display and advanced camera | iPhone 17 Pro Max | 134999.00 |    10 |
|  2 | 2026-02-20 07:04:00.407420 | HP Pavilion 15 Laptop with Intel i7 processor                    | Laptop            |  62000.00 |    12 |
|  3 | 2026-02-20 07:04:47.904288 | Logitech ergonomic wireless mouse                                | Wireless Mouse    |    899.00 |    40 |
|  4 | 2026-02-20 07:05:29.670998 | Sony noise cancelling over-ear headphones                        | Headphones        |   4500.00 |    18 |
|  5 | 2026-02-20 07:06:41.005503 | Ergonomic adjustable gaming chair                                | Gaming Chair      |  13500.00 |     6 |
|  6 | 2026-02-20 07:07:34.473582 | Portable JBL wireless speaker                                    | Bluetooth Speaker |   3500.00 |    25 |
+----+----------------------------+------------------------------------------------------------------+-------------------+-----------+-------+
6 rows in set (0.00 sec)

mysql> use ecomcartms;
Database changed
mysql> show tables;
+----------------------+
| Tables_in_ecomcartms |
+----------------------+
| cart_items           |
+----------------------+
1 row in set (0.00 sec)

mysql> select * from cart_items;
+----+----------------------------+------------+----------+---------+
| id | added_at                   | product_id | quantity | user_id |
+----+----------------------------+------------+----------+---------+
|  1 | 2026-02-20 07:14:54.300859 |          1 |        1 |       1 |
+----+----------------------------+------------+----------+---------+
1 row in set (0.00 sec)

mysql> select * from cart_items;
+----+----------------------------+------------+----------+---------+
| id | added_at                   | product_id | quantity | user_id |
+----+----------------------------+------------+----------+---------+
|  1 | 2026-02-20 07:14:54.300859 |          1 |        1 |       1 |
|  2 | 2026-02-20 07:17:07.008941 |          2 |        1 |       2 |
+----+----------------------------+------------+----------+---------+
2 rows in set (0.00 sec)

mysql> select * from cart_items;
+----+----------------------------+------------+----------+---------+
| id | added_at                   | product_id | quantity | user_id |
+----+----------------------------+------------+----------+---------+
|  1 | 2026-02-20 07:14:54.300859 |          1 |        1 |       1 |
|  2 | 2026-02-20 07:17:07.008941 |          2 |        1 |       2 |
|  3 | 2026-02-20 07:17:50.791976 |          3 |        2 |       3 |
+----+----------------------------+------------+----------+---------+
3 rows in set (0.00 sec)

mysql> select * from cart_items;
+----+----------------------------+------------+----------+---------+
| id | added_at                   | product_id | quantity | user_id |
+----+----------------------------+------------+----------+---------+
|  1 | 2026-02-20 07:14:54.300859 |          1 |        1 |       1 |
|  2 | 2026-02-20 07:17:07.008941 |          2 |        1 |       2 |
|  3 | 2026-02-20 07:17:50.791976 |          3 |        2 |       3 |
|  4 | 2026-02-20 07:18:33.384351 |          3 |        2 |       3 |
+----+----------------------------+------------+----------+---------+
4 rows in set (0.00 sec)

mysql> select * from cart_items;
+----+----------------------------+------------+----------+---------+
| id | added_at                   | product_id | quantity | user_id |
+----+----------------------------+------------+----------+---------+
|  1 | 2026-02-20 07:14:54.300859 |          1 |        1 |       1 |
|  2 | 2026-02-20 07:17:07.008941 |          2 |        1 |       2 |
|  3 | 2026-02-20 07:17:50.791976 |          3 |        2 |       3 |
|  4 | 2026-02-20 07:18:33.384351 |          3 |        2 |       3 |
|  5 | 2026-02-20 07:19:56.289196 |          4 |        1 |       4 |
+----+----------------------------+------------+----------+---------+
5 rows in set (0.00 sec)

mysql> select * from cart_items;
+----+----------------------------+------------+----------+---------+
| id | added_at                   | product_id | quantity | user_id |
+----+----------------------------+------------+----------+---------+
|  1 | 2026-02-20 07:14:54.300859 |          1 |        1 |       1 |
|  2 | 2026-02-20 07:17:07.008941 |          2 |        1 |       2 |
|  3 | 2026-02-20 07:17:50.791976 |          3 |        2 |       3 |
|  4 | 2026-02-20 07:18:33.384351 |          3 |        2 |       3 |
|  5 | 2026-02-20 07:19:56.289196 |          4 |        1 |       4 |
|  6 | 2026-02-20 07:20:58.462353 |          5 |        1 |       5 |
+----+----------------------------+------------+----------+---------+
6 rows in set (0.00 sec)

mysql> select * from cart_items;
+----+----------------------------+------------+----------+---------+
| id | added_at                   | product_id | quantity | user_id |
+----+----------------------------+------------+----------+---------+
|  1 | 2026-02-20 07:14:54.300859 |          1 |        1 |       1 |
|  2 | 2026-02-20 07:17:07.008941 |          2 |        1 |       2 |
|  3 | 2026-02-20 07:17:50.791976 |          3 |        2 |       3 |
|  4 | 2026-02-20 07:18:33.384351 |          3 |        2 |       3 |
|  5 | 2026-02-20 07:19:56.289196 |          4 |        1 |       4 |
|  6 | 2026-02-20 07:20:58.462353 |          5 |        1 |       5 |
|  7 | 2026-02-20 07:21:49.151027 |          6 |        2 |       6 |
+----+----------------------------+------------+----------+---------+
7 rows in set (0.00 sec)

mysql> select * from cart_items;
+----+----------------------------+------------+----------+---------+
| id | added_at                   | product_id | quantity | user_id |
+----+----------------------------+------------+----------+---------+
|  1 | 2026-02-20 07:14:54.300859 |          1 |        1 |       1 |
|  2 | 2026-02-20 07:17:07.008941 |          2 |        1 |       2 |
|  3 | 2026-02-20 07:17:50.791976 |          3 |        2 |       3 |
|  4 | 2026-02-20 07:18:33.384351 |          3 |        2 |       3 |
|  5 | 2026-02-20 07:19:56.289196 |          4 |        1 |       4 |
|  6 | 2026-02-20 07:20:58.462353 |          5 |        1 |       5 |
|  7 | 2026-02-20 07:21:49.151027 |          6 |        2 |       6 |
|  8 | 2026-02-20 07:22:43.312899 |          4 |        1 |       1 |
+----+----------------------------+------------+----------+---------+
8 rows in set (0.00 sec)

mysql>  use ecomorderms;
Database changed
mysql> show tables;
+-----------------------+
| Tables_in_ecomorderms |
+-----------------------+
| order_items           |
| orders                |
+-----------------------+
2 rows in set (0.00 sec)

mysql> select * from orders;
+----+----------------------------+--------+-------------+---------+
| id | palced_at                  | status | total_price | user_id |
+----+----------------------------+--------+-------------+---------+
|  1 | 2026-02-20 07:30:11.720626 | PLACED |   139499.00 |       1 |
+----+----------------------------+--------+-------------+---------+
1 row in set (0.00 sec)

mysql> use ecompaymentms;
Database changed
mysql>  show tables;
+-------------------------+
| Tables_in_ecompaymentms |
+-------------------------+
| payments                |
+-------------------------+
1 row in set (0.00 sec)

mysql> select * from payments;
+----+-----------+----------+----------------------------+---------+---------+
| id | amount    | order_id | payment_time               | status  | user_id |
+----+-----------+----------+----------------------------+---------+---------+
|  1 | 139499.00 |        1 | 2026-02-20 07:38:16.356722 | SUCCESS |       1 |
+----+-----------+----------+----------------------------+---------+---------+
1 row in set (0.00 sec)

mysql> use ecomshippingms;
Database changed
mysql> show tables;
+--------------------------+
| Tables_in_ecomshippingms |
+--------------------------+
| shipping_info            |
+--------------------------+
1 row in set (0.00 sec)

mysql> select * from shipping_info;
+----+-----------+---------------+----------+----------------------------+-----------------+---------+
| id | carrier   | delivery_date | order_id | shipped_at                 | shipping_method | status  |
+----+-----------+---------------+----------+----------------------------+-----------------+---------+
|  1 | Delhivery | NULL          |        1 | 2026-02-20 07:43:24.693503 | Next-Day        | Shipped |
+----+-----------+---------------+----------+----------------------------+-----------------+---------+
1 row in set (0.00 sec)

mysql> select * from shipping_info;
+----+-----------+---------------+----------+----------------------------+-----------------+------------+
| id | carrier   | delivery_date | order_id | shipped_at                 | shipping_method | status     |
+----+-----------+---------------+----------+----------------------------+-----------------+------------+
|  1 | Delhivery | NULL          |        1 | 2026-02-20 07:43:24.693503 | Next-Day        | DELIVERED
 |
+----+-----------+---------------+----------+----------------------------+-----------------+------------+
1 row in set (0.00 sec)

mysql> use ecomfavouritems;
Database changed
mysql>  show tables;
+---------------------------+
| Tables_in_ecomfavouritems |
+---------------------------+
| favourites                |
+---------------------------+
1 row in set (0.00 sec)

mysql> select * from favourites;
+----+----------------------------+------------+---------+
| id | added_at                   | product_id | user_id |
+----+----------------------------+------------+---------+
|  1 | 2026-02-20 07:58:05.650053 |          1 |       1 |
+----+----------------------------+------------+---------+
1 row in set (0.00 sec)

mysql> select * from favourites;
+----+----------------------------+------------+---------+
| id | added_at                   | product_id | user_id |
+----+----------------------------+------------+---------+
|  1 | 2026-02-20 07:58:05.650053 |          1 |       1 |
|  2 | 2026-02-20 07:59:14.737450 |          2 |       2 |
|  3 | 2026-02-20 08:01:19.176318 |          5 |       3 |
|  4 | 2026-02-20 08:01:50.985988 |          4 |       4 |
|  5 | 2026-02-20 08:02:18.841202 |          6 |       5 |
|  6 | 2026-02-20 08:02:54.795581 |          3 |       6 |
+----+----------------------------+------------+---------+
6 rows in set (0.00 sec)

mysql> select * from favourites;
+----+----------------------------+------------+---------+
| id | added_at                   | product_id | user_id |
+----+----------------------------+------------+---------+
|  1 | 2026-02-20 07:58:05.650053 |          1 |       1 |
|  2 | 2026-02-20 07:59:14.737450 |          2 |       2 |
|  3 | 2026-02-20 08:01:19.176318 |          5 |       3 |
|  4 | 2026-02-20 08:01:50.985988 |          4 |       4 |
|  5 | 2026-02-20 08:02:18.841202 |          6 |       5 |
+----+----------------------------+------------+---------+
5 rows in set (0.00 sec)


